"","cowcode","country","year","systid","syst","syst_co","systyear","evnttype","primeiroSyst","validos"
"1",2,"United States",1789,2,1,1,1789,3,1,0
"2",20,"Canada",1867,5,1,1,1867,3,1,0
"3",31,"Bahamas",1973,6,1,1,1973,3,1,0
"4",40,"Cuba",1901,7,1,1,1901,3,1,0
"5",40,"Cuba",1933,8,1,1,1933,2,0,0
"6",40,"Cuba",1934,9,1,1,1934,3,0,0
"7",40,"Cuba",1935,10,1,1,1935,3,0,1
"8",40,"Cuba",1940,11,1,1,1940,3,0,1
"9",40,"Cuba",1952,12,1,1,1952,3,0,0
"10",40,"Cuba",1953,961,1,1,1953,5,0,0
"11",40,"Cuba",1959,13,1,1,1959,3,0,1
"12",40,"Cuba",1976,14,1,1,1976,3,0,1
"13",40,"Cuba",2019,1166,1,1,2019,3,0,1
"14",41,"Haiti",1801,15,1,1,1801,3,0,0
"15",41,"Haiti",1805,16,1,1,1805,3,1,0
"16",41,"Haiti",1806,17,1,1,1806,3,0,0
"17",41,"Haiti",1807,18,1,1,1807,3,0,1
"18",41,"Haiti",1811,19,1,1,1811,3,0,1
"19",41,"Haiti",1816,20,1,1,1816,3,0,0
"20",41,"Haiti",1843,21,1,1,1843,3,0,1
"21",41,"Haiti",1844,22,1,1,1844,5,0,0
"22",41,"Haiti",1846,23,1,1,1846,3,0,0
"23",41,"Haiti",1849,24,1,1,1849,3,0,0
"24",41,"Haiti",1859,25,1,1,1859,5,0,0
"25",41,"Haiti",1867,26,1,1,1867,3,0,0
"26",41,"Haiti",1874,27,1,1,1874,3,0,0
"27",41,"Haiti",1876,28,1,1,1876,5,0,0
"28",41,"Haiti",1879,29,1,1,1879,3,0,0
"29",41,"Haiti",1888,30,1,1,1888,3,0,0
"30",41,"Haiti",1889,31,1,1,1889,3,0,1
"31",41,"Haiti",1902,32,1,1,1902,3,0,0
"32",41,"Haiti",1918,33,1,1,1918,3,0,0
"33",41,"Haiti",1932,34,1,1,1932,3,0,0
"34",41,"Haiti",1935,35,1,1,1935,3,0,0
"35",41,"Haiti",1946,37,1,1,1946,3,0,1
"36",41,"Haiti",1950,38,1,1,1950,3,0,1
"37",41,"Haiti",1957,39,1,1,1957,3,0,0
"38",41,"Haiti",1964,40,1,1,1964,3,0,1
"39",41,"Haiti",1983,41,1,1,1983,3,0,1
"40",41,"Haiti",1987,42,1,1,1987,3,0,1
"41",42,"Dominican Republic",1844,44,1,1,1844,3,1,0
"42",42,"Dominican Republic",1854,46,1,1,1854,3,0,1
"43",42,"Dominican Republic",1858,47,1,1,1858,3,0,1
"44",42,"Dominican Republic",1865,48,1,1,1865,3,0,0
"45",42,"Dominican Republic",1866,49,1,1,1866,3,0,1
"46",42,"Dominican Republic",1868,50,1,1,1868,3,0,0
"47",42,"Dominican Republic",1872,51,1,1,1872,3,0,0
"48",42,"Dominican Republic",1874,52,1,1,1874,3,0,0
"49",42,"Dominican Republic",1875,53,1,1,1875,3,0,0
"50",42,"Dominican Republic",1877,54,1,1,1877,3,0,0
"51",42,"Dominican Republic",1878,55,1,1,1878,3,0,0
"52",42,"Dominican Republic",1879,56,1,1,1879,3,0,0
"53",42,"Dominican Republic",1880,57,1,1,1880,3,0,0
"54",42,"Dominican Republic",1881,58,1,1,1881,3,0,0
"55",42,"Dominican Republic",1887,59,1,1,1887,3,0,1
"56",42,"Dominican Republic",1896,60,1,1,1896,3,0,1
"57",42,"Dominican Republic",1907,61,1,1,1907,3,0,0
"58",42,"Dominican Republic",1908,62,1,1,1908,3,0,1
"59",42,"Dominican Republic",1924,63,1,1,1924,3,0,1
"60",42,"Dominican Republic",1927,64,1,1,1927,3,0,1
"61",42,"Dominican Republic",1929,66,1,1,1929,3,0,1
"62",42,"Dominican Republic",1934,67,1,1,1934,3,0,1
"63",42,"Dominican Republic",1942,68,1,1,1942,3,0,1
"64",42,"Dominican Republic",1947,69,1,1,1947,3,0,1
"65",42,"Dominican Republic",1955,70,1,1,1955,3,0,1
"66",42,"Dominican Republic",1961,962,1,1,1961,3,0,1
"67",42,"Dominican Republic",1962,71,1,1,1962,3,0,1
"68",42,"Dominican Republic",1963,72,1,1,1963,3,0,1
"69",42,"Dominican Republic",1966,73,1,1,1966,3,0,1
"70",42,"Dominican Republic",1994,963,1,1,1994,3,0,1
"71",42,"Dominican Republic",2002,74,1,1,2002,3,0,1
"72",42,"Dominican Republic",2010,986,1,1,2010,3,0,1
"73",42,"Dominican Republic",2015,1147,1,1,2015,3,0,1
"74",51,"Jamaica",1962,75,1,1,1962,3,1,0
"75",52,"Trinidad and Tobago",1962,76,1,1,1962,3,1,0
"76",52,"Trinidad and Tobago",1976,77,1,1,1976,3,0,0
"77",53,"Barbados",1966,78,1,1,1966,3,1,0
"78",54,"Dominica",1978,79,1,1,1978,3,1,0
"79",55,"Grenada",1974,80,1,1,1974,3,1,0
"80",55,"Grenada",1991,81,1,1,1991,5,0,0
"81",56,"Saint Lucia",1978,82,1,1,1978,3,1,0
"82",57,"Saint Vincent and the Grenadines",1979,83,1,1,1979,3,1,0
"83",58,"Antigua and Barbuda",1981,84,1,1,1981,3,1,0
"84",60,"Saint Kitts and Nevis",1983,85,1,1,1983,3,1,0
"85",70,"Mexico",1814,86,1,1,1814,3,0,0
"86",70,"Mexico",1822,87,1,1,1822,3,1,0
"87",70,"Mexico",1824,88,1,1,1824,3,0,1
"88",70,"Mexico",1836,89,1,1,1836,3,0,0
"89",70,"Mexico",1843,90,1,1,1843,3,0,0
"90",70,"Mexico",1846,91,1,1,1846,5,0,0
"91",70,"Mexico",1856,92,1,1,1856,2,0,0
"92",70,"Mexico",1857,93,1,1,1857,3,0,1
"93",70,"Mexico",1865,94,1,1,1865,2,0,0
"94",70,"Mexico",1867,95,1,1,1867,5,0,0
"95",70,"Mexico",1917,96,1,1,1917,3,0,1
"96",80,"Belize",1981,97,1,1,1981,3,1,0
"97",89,"Federal Republic of Central America",1824,98,1,1,1824,3,1,0
"98",89,"Federal Republic of Central America",1835,969,1,1,1835,3,0,0
"99",90,"Guatemala",1839,100,1,1,1839,2,0,0
"100",90,"Guatemala",1845,965,1,1,1845,3,1,0
"101",90,"Guatemala",1851,101,1,1,1851,3,0,0
"102",90,"Guatemala",1879,102,1,1,1879,3,0,1
"103",90,"Guatemala",1944,103,1,1,1944,5,0,0
"104",90,"Guatemala",1945,104,1,1,1945,3,0,1
"105",90,"Guatemala",1954,105,1,1,1954,2,0,0
"106",90,"Guatemala",1956,106,1,1,1956,3,0,0
"107",90,"Guatemala",1965,107,1,1,1965,3,0,1
"108",90,"Guatemala",1982,108,1,1,1982,2,0,1
"109",90,"Guatemala",1985,109,1,1,1985,3,0,0
"110",91,"Honduras",1839,111,1,1,1839,3,0,0
"111",91,"Honduras",1848,112,1,1,1848,3,0,0
"112",91,"Honduras",1865,113,1,1,1865,3,0,0
"113",91,"Honduras",1873,114,1,1,1873,3,0,0
"114",91,"Honduras",1874,115,1,1,1874,5,0,0
"115",91,"Honduras",1880,116,1,1,1880,3,1,0
"116",91,"Honduras",1894,117,1,1,1894,3,0,0
"117",91,"Honduras",1904,118,1,1,1904,3,0,1
"118",91,"Honduras",1908,119,1,1,1908,5,0,0
"119",91,"Honduras",1921,120,1,1,1921,3,0,0
"120",91,"Honduras",1924,121,1,1,1924,3,0,1
"121",91,"Honduras",1936,122,1,1,1936,3,0,1
"122",91,"Honduras",1957,123,1,1,1957,3,0,1
"123",91,"Honduras",1965,124,1,1,1965,3,0,1
"124",91,"Honduras",1982,125,1,1,1982,3,0,1
"125",92,"El Salvador",1840,126,0,1,NA,4,0,0
"126",92,"El Salvador",1841,127,1,1,1841,3,1,0
"127",92,"El Salvador",1859,128,1,1,1859,3,0,0
"128",92,"El Salvador",1864,129,1,1,1864,3,0,0
"129",92,"El Salvador",1871,130,1,1,1871,3,0,1
"130",92,"El Salvador",1872,131,1,1,1872,3,0,1
"131",92,"El Salvador",1880,132,1,1,1880,3,0,1
"132",92,"El Salvador",1883,133,1,1,1883,3,0,1
"133",92,"El Salvador",1886,134,1,1,1886,3,0,1
"134",92,"El Salvador",1939,135,1,1,1939,3,0,1
"135",92,"El Salvador",1945,137,1,1,1945,5,0,0
"136",92,"El Salvador",1950,138,1,1,1950,3,0,1
"137",92,"El Salvador",1962,139,1,1,1962,5,0,0
"138",92,"El Salvador",1983,140,1,1,1983,3,0,1
"139",93,"Nicaragua",1838,142,1,1,1838,3,0,0
"140",93,"Nicaragua",1848,966,1,1,1848,3,0,0
"141",93,"Nicaragua",1854,967,1,1,1854,3,1,0
"142",93,"Nicaragua",1858,143,1,1,1858,3,0,0
"143",93,"Nicaragua",1893,144,1,1,1893,3,0,1
"144",93,"Nicaragua",1905,145,1,1,1905,3,0,1
"145",93,"Nicaragua",1911,146,1,1,1911,3,0,1
"146",93,"Nicaragua",1937,147,1,1,1937,3,0,0
"147",93,"Nicaragua",1939,148,1,1,1939,3,0,0
"148",93,"Nicaragua",1948,149,1,1,1948,3,0,1
"149",93,"Nicaragua",1950,150,1,1,1950,3,0,1
"150",93,"Nicaragua",1974,151,1,1,1974,3,0,1
"151",93,"Nicaragua",1987,152,1,1,1987,3,0,1
"152",94,"Costa Rica",1840,154,0,1,NA,4,0,0
"153",94,"Costa Rica",1841,960,1,1,1841,3,1,0
"154",94,"Costa Rica",1844,155,1,1,1844,3,0,0
"155",94,"Costa Rica",1847,156,1,1,1847,3,0,1
"156",94,"Costa Rica",1848,157,1,1,1848,3,0,0
"157",94,"Costa Rica",1859,158,1,1,1859,3,0,0
"158",94,"Costa Rica",1869,159,1,1,1869,3,0,1
"159",94,"Costa Rica",1871,160,1,1,1871,3,0,1
"160",94,"Costa Rica",1917,161,1,1,1917,3,0,1
"161",94,"Costa Rica",1919,162,1,1,1919,5,0,1
"162",94,"Costa Rica",1949,163,1,1,1949,3,0,1
"163",95,"Panama",1904,164,1,1,1904,3,1,0
"164",95,"Panama",1940,968,1,1,1940,3,0,0
"165",95,"Panama",1946,165,1,1,1946,3,0,1
"166",95,"Panama",1972,166,1,1,1972,3,0,1
"167",99,"Great Colombia",1821,167,1,1,1821,3,1,0
"168",100,"Colombia",1830,170,1,1,1830,3,1,0
"169",100,"Colombia",1832,171,1,1,1832,3,0,1
"170",100,"Colombia",1843,172,1,1,1843,3,0,1
"171",100,"Colombia",1853,173,1,1,1853,3,0,1
"172",100,"Colombia",1858,174,1,1,1858,3,0,1
"173",100,"Colombia",1861,175,1,1,1861,2,0,1
"174",100,"Colombia",1863,176,1,1,1863,3,0,1
"175",100,"Colombia",1886,177,1,1,1886,3,0,1
"176",100,"Colombia",1991,178,1,1,1991,3,0,0
"177",101,"Venezuela",1829,970,0,1,NA,4,0,0
"178",101,"Venezuela",1830,181,1,1,1830,3,0,0
"179",101,"Venezuela",1857,182,1,1,1857,3,0,0
"180",101,"Venezuela",1858,183,1,1,1858,3,0,0
"181",101,"Venezuela",1864,184,1,1,1864,3,0,0
"182",101,"Venezuela",1874,185,1,1,1874,3,1,0
"183",101,"Venezuela",1881,186,1,1,1881,3,0,1
"184",101,"Venezuela",1891,187,1,1,1891,3,0,1
"185",101,"Venezuela",1893,188,1,1,1893,3,0,0
"186",101,"Venezuela",1901,189,1,1,1901,3,0,0
"187",101,"Venezuela",1904,190,1,1,1904,3,0,1
"188",101,"Venezuela",1909,191,1,1,1909,3,0,0
"189",101,"Venezuela",1914,193,1,1,1914,3,0,0
"190",101,"Venezuela",1922,194,1,1,1922,3,0,0
"191",101,"Venezuela",1925,195,1,1,1925,3,0,0
"192",101,"Venezuela",1928,196,1,1,1928,3,0,0
"193",101,"Venezuela",1929,197,1,1,1929,3,0,0
"194",101,"Venezuela",1931,198,1,1,1931,3,0,0
"195",101,"Venezuela",1936,199,1,1,1936,3,0,0
"196",101,"Venezuela",1947,201,1,1,1947,3,0,1
"197",101,"Venezuela",1948,971,1,1,1948,5,0,0
"198",101,"Venezuela",1953,202,1,1,1953,3,0,1
"199",101,"Venezuela",1961,203,1,1,1961,3,0,1
"200",101,"Venezuela",1999,204,1,1,1999,3,0,1
"201",110,"Guyana",1966,205,1,1,1966,3,1,0
"202",110,"Guyana",1970,206,1,1,1970,3,0,1
"203",110,"Guyana",1980,207,1,1,1980,3,0,0
"204",115,"Suriname",1975,208,1,1,1975,3,1,0
"205",115,"Suriname",1981,209,1,1,1981,2,0,0
"206",115,"Suriname",1982,210,1,1,1982,2,0,0
"207",115,"Suriname",1987,211,1,1,1987,3,0,1
"208",130,"Ecuador",1830,212,1,1,1830,3,1,0
"209",130,"Ecuador",1835,213,1,1,1835,3,0,0
"210",130,"Ecuador",1843,214,1,1,1843,3,0,0
"211",130,"Ecuador",1845,215,1,1,1845,3,0,0
"212",130,"Ecuador",1851,216,1,1,1851,3,0,0
"213",130,"Ecuador",1852,217,1,1,1852,3,0,0
"214",130,"Ecuador",1861,218,1,1,1861,3,0,0
"215",130,"Ecuador",1869,219,1,1,1869,3,0,1
"216",130,"Ecuador",1878,220,1,1,1878,3,0,0
"217",130,"Ecuador",1884,221,1,1,1884,3,0,1
"218",130,"Ecuador",1897,222,1,1,1897,3,0,1
"219",130,"Ecuador",1906,223,1,1,1906,3,0,1
"220",130,"Ecuador",1929,224,1,1,1929,3,0,1
"221",130,"Ecuador",1935,225,1,1,1935,5,0,0
"222",130,"Ecuador",1939,226,1,1,1939,5,0,0
"223",130,"Ecuador",1945,227,1,1,1945,3,0,0
"224",130,"Ecuador",1946,228,1,1,1946,3,0,1
"225",130,"Ecuador",1967,229,1,1,1967,3,0,1
"226",130,"Ecuador",1972,230,1,1,1972,5,0,0
"227",130,"Ecuador",1976,231,1,1,1976,5,0,0
"228",130,"Ecuador",1978,232,1,1,1978,3,0,1
"229",130,"Ecuador",1984,233,1,1,1984,3,0,1
"230",130,"Ecuador",1993,234,1,1,1993,3,0,1
"231",130,"Ecuador",1996,235,1,1,1996,3,0,1
"232",130,"Ecuador",1997,236,1,1,1997,3,0,0
"233",130,"Ecuador",1998,237,1,1,1998,3,0,1
"234",130,"Ecuador",2008,978,1,1,2008,3,0,1
"235",135,"Peru",1826,242,1,1,1826,3,0,0
"236",135,"Peru",1827,243,1,1,1827,5,0,0
"237",135,"Peru",1828,244,1,1,1828,3,1,0
"238",135,"Peru",1834,245,1,1,1834,3,0,0
"239",135,"Peru",1839,246,1,1,1839,3,0,0
"240",135,"Peru",1855,247,1,1,1855,2,0,0
"241",135,"Peru",1856,248,1,1,1856,3,0,0
"242",135,"Peru",1860,249,1,1,1860,3,0,1
"243",135,"Peru",1867,250,1,1,1867,3,0,1
"244",135,"Peru",1868,251,1,1,1868,5,0,1
"245",135,"Peru",1920,252,1,1,1920,3,0,1
"246",135,"Peru",1933,253,1,1,1933,3,0,0
"247",135,"Peru",1979,254,1,1,1979,3,0,1
"248",135,"Peru",1993,255,1,1,1993,3,0,0
"249",140,"Brazil",1824,256,1,1,1824,3,1,0
"250",140,"Brazil",1891,257,1,1,1891,3,0,1
"251",140,"Brazil",1930,258,1,1,1930,2,0,0
"252",140,"Brazil",1934,259,1,1,1934,3,0,1
"253",140,"Brazil",1937,260,1,1,1937,3,0,1
"254",140,"Brazil",1946,261,1,1,1946,3,0,1
"255",140,"Brazil",1967,263,1,1,1967,3,0,1
"256",140,"Brazil",1988,264,1,1,1988,3,0,1
"257",145,"Bolivia",1826,265,1,1,1826,3,1,0
"258",145,"Bolivia",1831,266,1,1,1831,3,0,1
"259",145,"Bolivia",1834,267,1,1,1834,3,0,0
"260",145,"Bolivia",1839,269,1,1,1839,3,0,0
"261",145,"Bolivia",1843,270,1,1,1843,3,0,1
"262",145,"Bolivia",1851,271,1,1,1851,3,0,1
"263",145,"Bolivia",1861,272,1,1,1861,3,0,0
"264",145,"Bolivia",1868,273,1,1,1868,3,0,0
"265",145,"Bolivia",1871,274,1,1,1871,3,0,0
"266",145,"Bolivia",1878,275,1,1,1878,3,0,1
"267",145,"Bolivia",1880,276,1,1,1880,3,0,1
"268",145,"Bolivia",1938,277,1,1,1938,3,0,1
"269",145,"Bolivia",1945,278,1,1,1945,3,0,1
"270",145,"Bolivia",1947,279,1,1,1947,3,0,1
"271",145,"Bolivia",1961,280,1,1,1961,3,0,1
"272",145,"Bolivia",1964,281,1,1,1964,5,0,0
"273",145,"Bolivia",1967,282,1,1,1967,3,0,1
"274",145,"Bolivia",2009,976,1,1,2009,3,0,1
"275",150,"Paraguay",1813,283,1,1,1813,3,0,0
"276",150,"Paraguay",1844,284,1,1,1844,3,1,0
"277",150,"Paraguay",1870,285,1,1,1870,3,0,1
"278",150,"Paraguay",1940,286,1,1,1940,3,0,1
"279",150,"Paraguay",1967,287,1,1,1967,3,0,0
"280",150,"Paraguay",1992,288,1,1,1992,3,0,1
"281",155,"Chile",1818,292,1,1,1818,2,1,0
"282",155,"Chile",1822,293,1,1,1822,3,0,1
"283",155,"Chile",1823,294,1,1,1823,3,0,1
"284",155,"Chile",1826,295,1,1,1826,2,0,0
"285",155,"Chile",1828,296,1,1,1828,3,0,1
"286",155,"Chile",1833,297,1,1,1833,3,0,1
"287",155,"Chile",1925,298,1,1,1925,3,0,1
"288",155,"Chile",1980,299,1,1,1980,3,0,1
"289",160,"Argentina",1815,301,1,1,1815,2,0,0
"290",160,"Argentina",1816,302,1,1,1816,2,1,0
"291",160,"Argentina",1819,303,1,1,1819,3,0,1
"292",160,"Argentina",1826,304,1,1,1826,3,0,1
"293",160,"Argentina",1853,305,1,1,1853,3,0,1
"294",160,"Argentina",1966,987,1,1,1966,2,0,0
"295",160,"Argentina",1972,984,1,1,1972,5,0,1
"296",160,"Argentina",1976,985,1,1,1976,2,0,0
"297",160,"Argentina",1983,306,1,1,1983,5,0,0
"298",165,"Uruguay",1830,307,1,1,1830,3,0,0
"299",165,"Uruguay",1918,308,1,1,1918,3,1,0
"300",165,"Uruguay",1934,309,1,1,1934,3,0,0
"301",165,"Uruguay",1952,311,1,1,1952,3,0,0
"302",165,"Uruguay",1966,312,1,1,1966,3,0,0
"303",165,"Uruguay",1985,313,1,1,1985,5,0,1
"304",200,"United Kingdom",1800,1006,0,1,NA,1,1,0
"305",205,"Ireland",1919,314,1,1,1919,3,0,0
"306",205,"Ireland",1922,315,1,1,1922,3,1,0
"307",205,"Ireland",1937,316,1,1,1937,3,0,1
"308",210,"Netherlands",1795,317,1,1,1795,3,0,0
"309",210,"Netherlands",1798,318,1,1,1798,3,0,0
"310",210,"Netherlands",1806,321,1,1,1806,3,0,0
"311",210,"Netherlands",1814,323,1,1,1814,3,0,0
"312",211,"Belgium",1831,324,1,1,1831,3,1,0
"313",212,"Luxembourg",1856,327,1,1,1856,3,0,0
"314",212,"Luxembourg",1868,328,1,1,1868,3,1,0
"315",220,"France",1791,329,1,1,1791,3,1,0
"316",220,"France",1793,330,1,1,1793,3,0,1
"317",220,"France",1795,331,1,1,1795,3,0,1
"318",220,"France",1799,332,1,1,1799,3,0,1
"319",220,"France",1802,333,1,1,1802,3,0,1
"320",220,"France",1804,334,1,1,1804,3,0,1
"321",220,"France",1814,335,1,1,1814,3,0,1
"322",220,"France",1815,336,1,1,1815,5,0,1
"323",220,"France",1830,337,1,1,1830,3,0,1
"324",220,"France",1848,338,1,1,1848,3,0,1
"325",220,"France",1852,339,1,1,1852,3,0,1
"326",220,"France",1875,340,1,1,1875,3,0,1
"327",220,"France",1940,341,1,1,1940,3,0,0
"328",220,"France",1946,342,1,1,1946,3,0,1
"329",220,"France",1958,343,1,1,1958,3,0,1
"330",221,"Monaco",1911,344,1,1,1911,3,1,0
"331",221,"Monaco",1917,345,1,1,1917,5,0,0
"332",221,"Monaco",1962,346,1,1,1962,3,0,1
"333",223,"Liechtenstein",1818,347,1,1,1818,3,0,0
"334",223,"Liechtenstein",1862,348,1,1,1862,3,0,0
"335",223,"Liechtenstein",1921,349,1,1,1921,3,0,0
"336",225,"Switzerland",1798,350,1,1,1798,3,0,0
"337",225,"Switzerland",1802,351,1,1,1802,3,0,0
"338",225,"Switzerland",1803,352,1,1,1803,3,0,0
"339",225,"Switzerland",1815,353,1,1,1815,3,0,0
"340",225,"Switzerland",1848,354,1,1,1848,3,0,0
"341",225,"Switzerland",1874,355,1,1,1874,3,0,0
"342",225,"Switzerland",1999,356,1,1,1999,3,0,0
"343",230,"Spain",1808,357,1,1,1808,3,0,0
"344",230,"Spain",1812,358,1,1,1812,3,0,0
"345",230,"Spain",1820,359,1,1,1820,5,0,0
"346",230,"Spain",1834,360,1,1,1834,3,0,0
"347",230,"Spain",1836,361,1,1,1836,5,0,0
"348",230,"Spain",1837,362,1,1,1837,3,0,0
"349",230,"Spain",1845,363,1,1,1845,3,0,0
"350",230,"Spain",1861,364,1,1,1861,5,0,0
"351",230,"Spain",1869,365,1,1,1869,3,0,0
"352",230,"Spain",1876,366,1,1,1876,3,0,0
"353",230,"Spain",1931,367,1,1,1931,3,1,0
"354",230,"Spain",1936,368,1,1,1936,2,0,0
"355",230,"Spain",1967,369,1,1,1967,3,0,0
"356",230,"Spain",1978,370,1,1,1978,3,0,1
"357",232,"Andorra",1993,371,1,1,1993,3,1,0
"358",235,"Portugal",1822,372,1,1,1822,3,1,0
"359",235,"Portugal",1826,373,1,1,1826,3,0,0
"360",235,"Portugal",1834,1159,1,1,1834,5,0,0
"361",235,"Portugal",1836,1158,1,1,1836,5,0,0
"362",235,"Portugal",1838,374,1,1,1838,3,0,1
"363",235,"Portugal",1911,375,1,1,1911,3,0,0
"364",235,"Portugal",1933,376,1,1,1933,3,0,1
"365",235,"Portugal",1976,377,1,1,1976,3,0,1
"366",240,"Hanover",1819,378,1,1,1819,3,0,0
"367",240,"Hanover",1833,379,1,1,1833,3,0,0
"368",240,"Hanover",1837,380,1,1,1837,5,0,0
"369",240,"Hanover",1840,381,1,1,1840,3,0,0
"370",240,"Hanover",1848,382,1,1,1848,3,0,0
"371",240,"Hanover",1855,383,1,1,1855,5,0,0
"372",245,"Bavaria",1808,384,1,1,1808,3,1,0
"373",245,"Bavaria",1818,385,1,1,1818,3,0,1
"374",255,"Germany",1848,386,1,1,1848,3,1,0
"375",255,"Germany",1850,387,1,1,1850,3,0,0
"376",255,"Germany",1871,388,1,1,1871,3,0,1
"377",255,"Germany",1919,389,1,1,1919,3,0,0
"378",260,"Germany",1949,390,1,1,1949,3,0,0
"379",265,"German Democratic Republic",1949,391,1,1,1949,3,1,0
"380",265,"German Democratic Republic",1968,392,1,1,1968,3,0,0
"381",267,"Baden",1818,393,1,1,1818,3,1,0
"382",269,"Saxony",1820,394,1,1,1820,3,0,0
"383",269,"Saxony",1831,395,1,1,1831,3,0,0
"384",271,"Wuerttemburg",1806,396,1,1,1806,3,0,0
"385",271,"Wuerttemburg",1815,397,1,1,1815,3,0,0
"386",271,"Wuerttemburg",1819,398,1,1,1819,3,0,0
"387",273,"Hesse Electoral",1831,399,1,1,1831,3,0,0
"388",273,"Hesse Electoral",1852,400,1,1,1852,3,0,0
"389",273,"Hesse Electoral",1860,401,1,1,1860,5,0,0
"390",275,"Hesse Grand Ducal",1820,402,1,1,1820,3,0,0
"391",280,"Mecklenburg Schwerin",1849,403,1,1,1849,3,0,0
"392",290,"Poland",1791,1014,1,1,1791,3,0,0
"393",290,"Poland",1918,1025,0,1,NA,4,0,0
"394",290,"Poland",1919,404,1,1,1919,3,0,0
"395",290,"Poland",1921,405,1,1,1921,3,1,0
"396",290,"Poland",1935,406,1,1,1935,3,0,1
"397",290,"Poland",1944,407,1,1,1944,2,0,0
"398",290,"Poland",1947,408,1,1,1947,3,0,1
"399",290,"Poland",1952,409,1,1,1952,3,0,1
"400",290,"Poland",1992,411,1,1,1992,3,0,1
"401",290,"Poland",1997,412,1,1,1997,3,0,1
"402",300,"Austria-Hungary",1848,977,1,1,1848,3,0,0
"403",300,"Austria-Hungary",1849,413,1,1,1849,3,1,0
"404",300,"Austria-Hungary",1867,414,1,1,1867,3,0,0
"405",305,"Austria",1920,415,1,1,1920,3,1,0
"406",305,"Austria",1934,416,1,1,1934,3,0,1
"407",305,"Austria",1945,417,1,1,1945,5,0,0
"408",310,"Hungary",1919,418,1,1,1919,3,0,0
"409",310,"Hungary",1920,419,1,1,1920,3,0,0
"410",310,"Hungary",1946,420,1,1,1946,3,1,0
"411",310,"Hungary",1949,421,1,1,1949,3,0,0
"412",310,"Hungary",2011,998,1,1,2011,3,0,1
"413",315,"Czechoslovakia",1918,422,1,1,1918,2,1,0
"414",315,"Czechoslovakia",1920,423,1,1,1920,3,0,1
"415",315,"Czechoslovakia",1948,424,1,1,1948,3,0,1
"416",315,"Czechoslovakia",1960,425,1,1,1960,3,0,1
"417",316,"Czech Republic",1993,426,1,1,1993,3,0,0
"418",317,"Slovak Republic",1992,427,1,1,1992,3,0,0
"419",325,"Italy",1848,428,1,1,1848,3,1,0
"420",325,"Italy",1861,429,1,1,1861,3,0,1
"421",325,"Italy",1947,431,1,1,1947,3,0,1
"422",331,"San Marino",1926,432,0,1,NA,1,0,0
"423",338,"Malta",1964,433,1,1,1964,3,0,0
"424",339,"Albania",1914,434,1,1,1914,3,1,0
"425",339,"Albania",1920,435,1,1,1920,3,0,0
"426",339,"Albania",1925,436,1,1,1925,3,0,1
"427",339,"Albania",1928,437,1,1,1928,3,0,1
"428",339,"Albania",1939,438,1,1,1939,3,0,1
"429",339,"Albania",1943,439,1,1,1943,5,0,0
"430",339,"Albania",1946,440,1,1,1946,3,0,1
"431",339,"Albania",1976,441,1,1,1976,3,0,1
"432",339,"Albania",1991,442,1,1,1991,2,0,1
"433",339,"Albania",1998,443,1,1,1998,3,0,1
"434",340,"Serbia",1869,444,1,1,1869,3,1,0
"435",340,"Serbia",1888,445,1,1,1888,3,0,0
"436",340,"Serbia",1894,446,1,1,1894,5,0,0
"437",340,"Serbia",1901,447,1,1,1901,3,0,0
"438",340,"Serbia",1903,448,1,1,1903,3,0,0
"439",340,"Yugoslavia",1921,454,1,1,1921,3,0,1
"440",340,"Yugoslavia",1931,455,1,1,1931,3,0,1
"441",340,"Yugoslavia",1946,456,1,1,1946,3,0,1
"442",340,"Yugoslavia",1953,457,1,1,1953,3,0,1
"443",340,"Yugoslavia",1963,458,1,1,1963,3,0,0
"444",340,"Yugoslavia",1974,459,1,1,1974,3,0,1
"445",340,"Yugoslavia",1992,460,1,1,1992,3,0,0
"446",340,"Serbia and Montenegro",2003,461,1,1,2003,3,0,1
"447",340,"Serbia",2006,462,1,1,2006,3,0,1
"448",341,"Montenegro",1905,449,1,1,1905,3,0,0
"449",341,"Montenegro",1992,450,1,1,1992,3,0,0
"450",341,"Montenegro",2006,451,1,1,2006,5,1,0
"451",341,"Montenegro",2007,981,1,1,2007,3,0,1
"452",343,"North Macedonia",1991,452,1,1,1991,3,1,0
"453",344,"Croatia",1991,453,1,1,1991,3,1,0
"454",346,"Bosnia and Herzegovina",1992,463,0,1,NA,4,0,0
"455",346,"Bosnia and Herzegovina",1995,464,1,1,1995,3,1,0
"456",347,"Kosovo",2008,979,1,1,2008,3,1,0
"457",349,"Slovenia",1991,465,1,1,1991,3,1,0
"458",350,"Greece",1827,467,1,1,1827,3,0,0
"459",350,"Greece",1844,468,1,1,1844,3,1,0
"460",350,"Greece",1864,469,1,1,1864,3,0,0
"461",350,"Greece",1925,470,1,1,1925,3,0,0
"462",350,"Greece",1926,471,1,1,1926,3,0,0
"463",350,"Greece",1927,472,1,1,1927,3,0,0
"464",350,"Greece",1935,473,1,1,1935,5,0,0
"465",350,"Greece",1944,474,1,1,1944,5,0,0
"466",350,"Greece",1952,475,1,1,1952,3,0,1
"467",350,"Greece",1968,476,1,1,1968,3,0,1
"468",350,"Greece",1974,477,1,1,1974,5,0,0
"469",350,"Greece",1975,478,1,1,1975,3,0,1
"470",352,"Cyprus",1960,479,1,1,1960,3,1,0
"471",355,"Bulgaria",1879,480,1,1,1879,3,1,0
"472",355,"Bulgaria",1883,481,1,1,1883,5,0,0
"473",355,"Bulgaria",1938,482,1,1,1938,5,0,0
"474",355,"Bulgaria",1947,483,1,1,1947,3,0,1
"475",355,"Bulgaria",1971,484,1,1,1971,3,0,1
"476",355,"Bulgaria",1991,485,1,1,1991,3,0,1
"477",359,"Moldova",1978,486,1,1,1978,3,1,0
"478",359,"Moldova",1994,487,1,1,1994,3,0,1
"479",360,"Romania",1866,488,1,1,1866,3,1,0
"480",360,"Romania",1923,489,1,1,1923,3,0,0
"481",360,"Romania",1938,490,1,1,1938,3,0,0
"482",360,"Romania",1944,491,1,1,1944,5,0,0
"483",360,"Romania",1948,492,1,1,1948,3,0,1
"484",360,"Romania",1952,493,1,1,1952,3,0,0
"485",360,"Romania",1965,494,1,1,1965,3,0,0
"486",360,"Romania",1991,495,1,1,1991,3,0,1
"487",365,"Russia",1905,496,1,1,1905,3,0,0
"488",365,"Russia",1918,497,1,1,1918,3,1,0
"489",365,"Russia",1924,498,1,1,1924,3,0,1
"490",365,"Russia",1936,499,1,1,1936,3,0,1
"491",365,"Russia",1977,500,1,1,1977,3,0,1
"492",365,"Russia",1993,501,1,1,1993,3,0,1
"493",366,"Estonia",1919,502,1,1,1919,2,1,0
"494",366,"Estonia",1920,503,1,1,1920,3,0,1
"495",366,"Estonia",1933,504,1,1,1933,3,0,0
"496",366,"Estonia",1937,505,1,1,1937,3,0,1
"497",366,"Estonia",1991,506,0,1,NA,4,0,0
"498",366,"Estonia",1992,507,1,1,1992,3,0,1
"499",367,"Latvia",1919,508,1,1,1919,3,0,0
"500",367,"Latvia",1920,509,1,1,1920,2,0,0
"501",367,"Latvia",1922,510,1,1,1922,3,1,0
"502",367,"Latvia",1940,511,1,1,1940,3,0,0
"503",367,"Latvia",1991,512,1,1,1991,5,0,0
"504",368,"Lithuania",1918,514,1,1,1918,2,0,0
"505",368,"Lithuania",1919,515,1,1,1919,2,0,0
"506",368,"Lithuania",1920,516,1,1,1920,2,0,0
"507",368,"Lithuania",1922,517,1,1,1922,3,1,0
"508",368,"Lithuania",1928,518,1,1,1928,3,0,1
"509",368,"Lithuania",1938,519,1,1,1938,3,0,1
"510",368,"Lithuania",1990,520,1,1,1990,2,0,0
"511",368,"Lithuania",1992,521,1,1,1992,3,0,1
"512",369,"Ukraine",1978,522,1,1,1978,3,1,0
"513",369,"Ukraine",1996,523,1,1,1996,3,0,1
"514",370,"Belarus",1994,524,1,1,1994,3,1,0
"515",371,"Armenia",1978,528,1,1,1978,3,0,0
"516",371,"Armenia",1995,529,1,1,1995,3,1,0
"517",372,"Georgia",1921,1029,1,1,1921,3,0,0
"518",372,"Georgia",1992,530,1,1,1992,5,1,0
"519",372,"Georgia",1995,531,1,1,1995,3,0,0
"520",373,"Azerbaijan",1991,533,1,1,1991,3,1,0
"521",373,"Azerbaijan",1995,534,1,1,1995,3,0,1
"522",375,"Finland",1919,535,1,1,1919,3,1,0
"523",375,"Finland",1999,536,1,1,1999,3,0,1
"524",380,"Sweden",1809,537,1,1,1809,3,0,0
"525",380,"Sweden",1974,538,1,1,1974,3,0,0
"526",385,"Norway",1814,539,0,1,NA,1,1,0
"527",390,"Denmark",1849,540,1,1,1849,3,1,0
"528",390,"Denmark",1863,1024,1,1,1863,3,0,1
"529",390,"Denmark",1866,541,1,1,1866,3,0,1
"530",390,"Denmark",1915,542,1,1,1915,3,0,0
"531",390,"Denmark",1953,543,1,1,1953,3,0,1
"532",395,"Iceland",1944,546,1,1,1944,3,0,0
"533",396,"Abkhazia",1994,995,1,1,1994,3,0,0
"534",397,"South Ossetia",2001,996,1,1,2001,3,0,0
"535",402,"Cape Verde",1980,547,1,1,1980,3,1,0
"536",403,"Sao Tome and Principe",1975,548,1,1,1975,3,0,0
"537",404,"Guinea-Bissau",1973,549,1,1,1973,3,1,0
"538",404,"Guinea-Bissau",1984,550,1,1,1984,3,0,1
"539",411,"Equatorial Guinea",1968,551,1,1,1968,3,1,0
"540",411,"Equatorial Guinea",1973,552,1,1,1973,3,0,0
"541",411,"Equatorial Guinea",1982,553,1,1,1982,3,0,1
"542",411,"Equatorial Guinea",1991,554,1,1,1991,3,0,1
"543",420,"Gambia",1962,556,1,1,1962,3,0,0
"544",420,"Gambia",1970,557,1,1,1970,3,1,0
"545",420,"Gambia",1996,558,1,1,1996,3,0,1
"546",432,"Mali",1960,559,1,1,1960,3,1,0
"547",432,"Mali",1974,560,1,1,1974,3,0,1
"548",432,"Mali",1992,561,1,1,1992,3,0,1
"549",432,"Mali",2020,1175,1,1,2020,2,0,1
"550",433,"Senegal",1960,562,1,1,1960,3,1,0
"551",433,"Senegal",1963,563,1,1,1963,3,0,1
"552",433,"Senegal",2001,564,1,1,2001,3,0,1
"553",434,"Benin",1960,566,1,1,1960,3,1,0
"554",434,"Benin",1964,567,1,1,1964,3,0,1
"555",434,"Benin",1968,568,1,1,1968,3,0,0
"556",434,"Benin",1970,569,1,1,1970,3,0,1
"557",434,"Benin",1979,570,1,1,1979,3,0,0
"558",434,"Benin",1990,571,1,1,1990,3,0,1
"559",435,"Mauritania",1959,572,1,1,1959,3,0,0
"560",435,"Mauritania",1961,573,1,1,1961,3,1,0
"561",435,"Mauritania",1978,574,1,1,1978,3,0,1
"562",435,"Mauritania",1980,575,1,1,1980,3,0,0
"563",435,"Mauritania",1985,576,1,1,1985,3,0,0
"564",435,"Mauritania",1991,577,1,1,1991,3,0,1
"565",436,"Niger",1960,578,1,1,1960,3,1,0
"566",436,"Niger",1989,579,1,1,1989,3,0,1
"567",436,"Niger",1992,580,1,1,1992,3,0,1
"568",436,"Niger",1996,581,1,1,1996,3,0,1
"569",436,"Niger",1999,582,1,1,1999,3,0,1
"570",436,"Niger",2009,991,1,1,2009,3,0,0
"571",436,"Niger",2010,1002,1,1,2010,3,0,0
"572",437,"Cote d'Ivoire",1960,584,1,1,1960,3,1,0
"573",437,"Cote d'Ivoire",2000,585,1,1,2000,3,0,1
"574",437,"Cote d'Ivoire",2016,1151,1,1,2016,3,0,1
"575",438,"Guinea",1958,586,1,1,1958,3,1,0
"576",438,"Guinea",1982,587,1,1,1982,3,0,1
"577",438,"Guinea",1990,588,1,1,1990,3,0,1
"578",438,"Guinea",2010,1000,1,1,2010,3,0,1
"579",438,"Guinea",2020,1172,1,1,2020,3,0,1
"580",439,"Burkina Faso",1960,589,1,1,1960,3,1,0
"581",439,"Burkina Faso",1970,590,1,1,1970,3,0,0
"582",439,"Burkina Faso",1977,591,1,1,1977,3,0,0
"583",439,"Burkina Faso",1983,592,1,1,1983,3,0,0
"584",439,"Burkina Faso",1988,593,1,1,1988,3,0,1
"585",439,"Burkina Faso",1991,594,1,1,1991,3,0,1
"586",450,"Liberia",1847,596,1,1,1847,3,0,0
"587",450,"Liberia",1986,597,1,1,1986,3,0,1
"588",451,"Sierra Leone",1961,598,1,1,1961,3,1,0
"589",451,"Sierra Leone",1968,599,1,1,1968,5,0,0
"590",451,"Sierra Leone",1971,1030,1,1,1971,3,0,1
"591",451,"Sierra Leone",1978,600,1,1,1978,3,0,1
"592",451,"Sierra Leone",1991,601,1,1,1991,3,0,0
"593",451,"Sierra Leone",1996,983,1,1,1996,5,0,1
"594",452,"Ghana",1957,606,1,1,1957,3,1,0
"595",452,"Ghana",1960,607,1,1,1960,3,0,1
"596",452,"Ghana",1969,608,1,1,1969,3,0,1
"597",452,"Ghana",1979,609,1,1,1979,3,0,1
"598",452,"Ghana",1982,610,1,1,1982,2,0,1
"599",452,"Ghana",1992,611,1,1,1992,3,0,1
"600",461,"Togo",1960,612,1,1,1960,2,0,0
"601",461,"Togo",1961,613,1,1,1961,3,0,0
"602",461,"Togo",1963,614,1,1,1963,3,1,0
"603",461,"Togo",1971,615,1,1,1971,3,0,0
"604",461,"Togo",1979,616,1,1,1979,3,0,1
"605",461,"Togo",1992,617,1,1,1992,3,0,1
"606",471,"Cameroon",1960,618,1,1,1960,3,1,0
"607",471,"Cameroon",1961,619,1,1,1961,3,0,1
"608",471,"Cameroon",1972,620,1,1,1972,3,0,1
"609",475,"Nigeria",1960,621,1,1,1960,3,1,0
"610",475,"Nigeria",1963,622,1,1,1963,3,0,1
"611",475,"Nigeria",1975,623,1,1,1975,3,0,0
"612",475,"Nigeria",1978,624,1,1,1978,3,0,0
"613",475,"Nigeria",1989,625,1,1,1989,3,0,1
"614",475,"Nigeria",1993,626,1,1,1993,5,0,0
"615",475,"Nigeria",1999,627,1,1,1999,3,0,1
"616",481,"Gabon",1960,629,1,1,1960,3,1,0
"617",481,"Gabon",1961,630,1,1,1961,3,0,1
"618",481,"Gabon",1975,631,1,1,1975,3,0,1
"619",481,"Gabon",1991,632,1,1,1991,3,0,1
"620",482,"Central African Republic",1959,633,1,1,1959,3,1,0
"621",482,"Central African Republic",1964,634,1,1,1964,3,0,1
"622",482,"Central African Republic",1976,635,1,1,1976,3,0,1
"623",482,"Central African Republic",1979,636,1,1,1979,2,0,0
"624",482,"Central African Republic",1981,637,1,1,1981,3,0,1
"625",482,"Central African Republic",1986,638,1,1,1986,3,0,0
"626",482,"Central African Republic",1994,639,1,1,1994,3,0,1
"627",482,"Central African Republic",2004,640,1,1,2004,3,0,1
"628",482,"Central African Republic",2013,1020,1,1,2013,2,0,1
"629",482,"Central African Republic",2016,1145,1,1,2016,3,0,1
"630",483,"Chad",1960,642,1,1,1960,3,1,0
"631",483,"Chad",1962,643,1,1,1962,3,0,1
"632",483,"Chad",1978,644,1,1,1978,3,0,0
"633",483,"Chad",1982,645,1,1,1982,2,0,0
"634",483,"Chad",1989,646,1,1,1989,3,0,0
"635",483,"Chad",1993,647,1,1,1993,2,0,0
"636",483,"Chad",1996,648,1,1,1996,3,0,1
"637",483,"Chad",2018,1162,1,1,2018,3,0,1
"638",484,"Congo",1961,649,1,1,1961,3,1,0
"639",484,"Congo",1963,650,1,1,1963,3,0,1
"640",484,"Congo",1969,651,1,1,1969,3,0,0
"641",484,"Congo",1973,652,1,1,1973,3,0,0
"642",484,"Congo",1979,653,1,1,1979,3,0,1
"643",484,"Congo",1991,654,1,1,1991,2,0,0
"644",484,"Congo",1992,655,1,1,1992,3,0,1
"645",484,"Congo",2001,656,1,1,2001,3,0,1
"646",484,"Congo",2015,1146,1,1,2015,3,0,1
"647",490,"Democratic Republic of the Congo",1960,657,1,1,1960,3,1,0
"648",490,"Democratic Republic of the Congo",1964,659,1,1,1964,3,0,1
"649",490,"Democratic Republic of the Congo",1967,660,1,1,1967,3,0,0
"650",490,"Democratic Republic of the Congo",1997,662,1,1,1997,3,0,0
"651",490,"Democratic Republic of the Congo",2003,663,1,1,2003,3,0,1
"652",490,"Democratic Republic of the Congo",2005,664,1,1,2005,3,0,1
"653",500,"Uganda",1962,665,1,1,1962,3,0,0
"654",500,"Uganda",1966,667,1,1,1966,3,0,0
"655",500,"Uganda",1967,666,1,1,1967,3,1,0
"656",500,"Uganda",1981,668,1,1,1981,5,0,0
"657",500,"Uganda",1995,669,1,1,1995,3,0,1
"658",501,"Kenya",1963,670,1,1,1963,3,1,0
"659",501,"Kenya",2010,989,1,1,2010,3,0,1
"660",510,"Tanzania",1961,672,1,1,1961,3,0,0
"661",510,"Tanzania",1962,673,1,1,1962,3,0,0
"662",510,"Tanzania",1965,674,1,1,1965,2,0,0
"663",510,"Tanzania",1977,675,1,1,1977,3,0,0
"664",516,"Burundi",1962,678,1,1,1962,3,1,0
"665",516,"Burundi",1974,679,1,1,1974,3,0,1
"666",516,"Burundi",1981,680,1,1,1981,3,0,1
"667",516,"Burundi",1992,681,1,1,1992,3,0,1
"668",516,"Burundi",1998,682,1,1,1998,2,0,1
"669",516,"Burundi",2004,1012,1,1,2004,2,0,1
"670",516,"Burundi",2005,683,1,1,2005,3,0,1
"671",516,"Burundi",2018,1170,1,1,2018,3,0,0
"672",517,"Rwanda",1962,684,1,1,1962,3,1,0
"673",517,"Rwanda",1978,685,1,1,1978,3,0,1
"674",517,"Rwanda",1995,686,1,1,1995,3,0,0
"675",517,"Rwanda",2003,687,1,1,2003,3,0,1
"676",520,"Somalia",1960,688,1,1,1960,3,1,0
"677",520,"Somalia",1979,689,1,1,1979,3,0,1
"678",520,"Somalia",2004,975,1,1,2004,2,0,1
"679",520,"Somalia",2012,1007,1,1,2012,3,0,0
"680",522,"Djibouti",1977,690,1,1,1977,3,1,0
"681",522,"Djibouti",1992,691,1,1,1992,3,0,1
"682",530,"Ethiopia",1931,692,1,1,1931,3,1,0
"683",530,"Ethiopia",1955,693,1,1,1955,3,0,1
"684",530,"Ethiopia",1974,694,1,1,1974,3,0,0
"685",530,"Ethiopia",1976,695,1,1,1976,3,0,0
"686",530,"Ethiopia",1987,696,1,1,1987,3,0,1
"687",530,"Ethiopia",1991,697,1,1,1991,2,0,1
"688",530,"Ethiopia",1994,698,1,1,1994,3,0,1
"689",531,"Eritrea",1997,699,1,1,1997,3,1,0
"690",540,"Angola",1975,700,1,1,1975,3,0,0
"691",540,"Angola",2010,992,1,1,2010,3,0,1
"692",541,"Mozambique",1975,701,1,1,1975,3,1,0
"693",541,"Mozambique",1990,702,1,1,1990,3,0,1
"694",541,"Mozambique",2004,703,1,1,2004,3,0,1
"695",551,"Zambia",1964,704,1,1,1964,3,1,0
"696",551,"Zambia",1973,705,1,1,1973,3,0,1
"697",551,"Zambia",1991,706,1,1,1991,3,0,1
"698",552,"Zimbabwe",1965,707,1,1,1965,3,0,0
"699",552,"Zimbabwe",1969,708,1,1,1969,3,0,1
"700",552,"Zimbabwe",1979,709,1,1,1979,3,0,1
"701",552,"Zimbabwe",2013,1011,1,1,2013,3,0,1
"702",553,"Malawi",1964,710,1,1,1964,3,1,0
"703",553,"Malawi",1966,711,1,1,1966,3,0,1
"704",553,"Malawi",1994,712,1,1,1994,3,0,1
"705",560,"South Africa",1909,713,1,1,1909,3,0,0
"706",560,"South Africa",1961,714,1,1,1961,3,1,0
"707",560,"South Africa",1983,715,1,1,1983,3,0,1
"708",560,"South Africa",1993,716,1,1,1993,3,0,1
"709",560,"South Africa",1996,717,1,1,1996,3,0,1
"710",563,"Transvaal",1856,718,1,1,1856,3,0,0
"711",563,"Transvaal",1906,719,1,1,1906,3,0,0
"712",564,"Orange Free State",1854,720,1,1,1854,3,0,0
"713",564,"Orange Free State",1879,721,1,1,1879,3,0,0
"714",565,"Namibia",1990,722,1,1,1990,3,1,0
"715",570,"Lesotho",1966,723,1,1,1966,3,1,0
"716",570,"Lesotho",1983,724,1,1,1983,3,0,0
"717",570,"Lesotho",1993,725,1,1,1993,3,0,1
"718",571,"Botswana",1966,726,1,1,1966,3,0,0
"719",572,"Eswatini",1968,728,1,1,1968,3,0,0
"720",572,"Eswatini",2005,729,1,1,2005,3,1,0
"721",580,"Madagascar",1959,730,1,1,1959,3,1,0
"722",580,"Madagascar",1972,731,1,1,1972,2,0,0
"723",580,"Madagascar",1975,732,1,1,1975,3,0,1
"724",580,"Madagascar",1992,733,1,1,1992,3,0,1
"725",580,"Madagascar",1998,734,1,1,1998,3,0,1
"726",580,"Madagascar",2010,994,1,1,2010,3,0,0
"727",581,"Comoros",1975,735,1,1,1975,2,1,0
"728",581,"Comoros",1978,736,1,1,1978,3,0,1
"729",581,"Comoros",1992,737,1,1,1992,3,0,0
"730",581,"Comoros",1996,738,1,1,1996,3,0,1
"731",581,"Comoros",2001,739,1,1,2001,3,0,1
"732",581,"Comoros",2018,1168,1,1,2018,3,0,1
"733",590,"Mauritius",1968,740,1,1,1968,3,0,0
"734",591,"Seychelles",1975,743,1,1,1975,2,0,0
"735",591,"Seychelles",1979,744,1,1,1979,3,1,0
"736",591,"Seychelles",1993,745,1,1,1993,3,0,1
"737",600,"Morocco",1962,746,1,1,1962,3,1,0
"738",600,"Morocco",1970,747,1,1,1970,3,0,1
"739",600,"Morocco",1972,748,1,1,1972,3,0,0
"740",600,"Morocco",2011,1001,1,1,2011,3,0,1
"741",615,"Algeria",1963,749,1,1,1963,3,1,0
"742",615,"Algeria",1976,1021,1,1,1976,3,0,1
"743",615,"Algeria",1989,1022,1,1,1989,3,0,1
"744",615,"Algeria",1996,1023,1,1,1996,5,0,1
"745",615,"Algeria",2020,1177,1,1,2020,3,0,1
"746",616,"Tunisia",1861,1018,1,1,1861,3,0,0
"747",616,"Tunisia",1956,750,1,1,1956,2,1,0
"748",616,"Tunisia",1957,751,1,1,1957,2,0,0
"749",616,"Tunisia",1959,752,1,1,1959,3,0,0
"750",616,"Tunisia",2011,1035,1,1,2011,2,0,0
"751",616,"Tunisia",2014,1017,1,1,2014,3,0,0
"752",620,"Libya",1951,753,1,1,1951,3,1,0
"753",620,"Libya",1969,754,1,1,1969,2,0,1
"754",620,"Libya",2011,997,1,1,2011,2,0,0
"755",625,"Sudan",1955,755,1,1,1955,2,0,0
"756",625,"Sudan",1964,756,1,1,1964,5,0,0
"757",625,"Sudan",1971,757,1,1,1971,2,1,0
"758",625,"Sudan",1973,758,1,1,1973,3,0,1
"759",625,"Sudan",1985,759,1,1,1985,2,0,1
"760",625,"Sudan",1998,760,1,1,1998,3,0,1
"761",625,"Sudan",2005,761,1,1,2005,2,0,1
"762",625,"Sudan",2019,1171,1,1,2019,2,0,1
"763",626,"South Sudan",2011,1003,1,1,2011,2,0,0
"764",630,"Iran",1906,762,1,1,1906,3,1,0
"765",630,"Iran",1979,763,1,1,1979,3,0,1
"766",640,"Turkey",1876,764,1,1,1876,3,0,0
"767",640,"Turkey",1908,765,1,1,1908,5,0,0
"768",640,"Turkey",1921,766,1,1,1921,3,1,0
"769",640,"Turkey",1924,767,1,1,1924,3,0,1
"770",640,"Turkey",1945,768,1,1,1945,3,0,1
"771",640,"Turkey",1961,769,1,1,1961,3,0,1
"772",640,"Turkey",1982,770,1,1,1982,3,0,1
"773",645,"Iraq",1925,771,1,1,1925,3,1,0
"774",645,"Iraq",1958,772,1,1,1958,2,0,0
"775",645,"Iraq",1964,773,1,1,1964,2,0,1
"776",645,"Iraq",1970,774,1,1,1970,2,0,0
"777",645,"Iraq",1990,775,1,1,1990,2,0,0
"778",645,"Iraq",2004,776,1,1,2004,2,0,1
"779",645,"Iraq",2005,777,1,1,2005,3,0,1
"780",651,"Egypt",1923,778,1,1,1923,3,1,0
"781",651,"Egypt",1930,779,1,1,1930,3,0,0
"782",651,"Egypt",1935,780,1,1,1935,5,0,0
"783",651,"Egypt",1953,781,1,1,1953,2,0,1
"784",651,"Egypt",1956,782,1,1,1956,3,0,1
"785",651,"Egypt",1958,783,1,1,1958,2,0,1
"786",651,"Egypt",1964,785,1,1,1964,2,0,1
"787",651,"Egypt",1971,786,1,1,1971,3,0,1
"788",651,"Egypt",2011,1008,1,1,2011,2,0,1
"789",651,"Egypt",2012,1009,1,1,2012,3,0,1
"790",651,"Egypt",2014,1019,1,1,2014,3,0,1
"791",652,"Syria",1930,788,1,1,1930,3,0,0
"792",652,"Syria",1943,789,1,1,1943,5,1,0
"793",652,"Syria",1950,790,1,1,1950,3,0,1
"794",652,"Syria",1953,791,1,1,1953,3,0,1
"795",652,"Syria",1954,792,1,1,1954,5,0,0
"796",652,"Syria",1958,793,1,1,1958,2,0,0
"797",652,"Syria",1961,794,1,1,1961,2,0,0
"798",652,"Syria",1964,795,1,1,1964,2,0,1
"799",652,"Syria",1969,796,1,1,1969,2,0,0
"800",652,"Syria",1973,797,1,1,1973,3,0,1
"801",652,"Syria",2012,999,1,1,2012,3,0,0
"802",660,"Lebanon",1926,798,1,1,1926,3,1,0
"803",663,"Jordan",1946,799,1,1,1946,3,1,0
"804",663,"Jordan",1952,800,1,1,1952,3,0,1
"805",666,"Israel",1949,1139,1,1,1949,2,0,0
"806",666,"Israel",1958,801,1,1,1958,3,0,0
"807",670,"Saudi Arabia",1926,802,1,1,1926,3,0,0
"808",670,"Saudi Arabia",1992,803,1,1,1992,3,1,0
"809",678,"Yemen Arab Republic",1962,804,1,1,1962,2,1,0
"810",678,"Yemen Arab Republic",1970,805,1,1,1970,3,0,1
"811",678,"Yemen Arab Republic",1974,806,1,1,1974,2,0,0
"812",678,"Yemen Arab Republic",1991,807,1,1,1991,3,0,0
"813",680,"Yemen People's Republic",1970,808,1,1,1970,3,0,0
"814",690,"Kuwait",1962,810,1,1,1962,3,1,0
"815",690,"Kuwait",1980,811,1,1,1980,5,0,0
"816",690,"Kuwait",1992,812,1,1,1992,5,0,1
"817",692,"Bahrain",1973,813,1,1,1973,3,1,0
"818",692,"Bahrain",2002,814,1,1,2002,3,0,1
"819",694,"Qatar",1970,815,1,1,1970,2,0,0
"820",694,"Qatar",2003,816,1,1,2003,3,1,0
"821",696,"United Arab Emirates",1971,817,1,1,1971,2,1,0
"822",698,"Oman",1996,818,1,1,1996,3,1,0
"823",700,"Afghanistan",1923,819,1,1,1923,3,1,0
"824",700,"Afghanistan",1931,820,1,1,1931,3,0,1
"825",700,"Afghanistan",1964,821,1,1,1964,3,0,1
"826",700,"Afghanistan",1973,822,1,1,1973,2,0,0
"827",700,"Afghanistan",1977,823,1,1,1977,3,0,1
"828",700,"Afghanistan",1978,824,1,1,1978,2,0,0
"829",700,"Afghanistan",1979,825,1,1,1979,2,0,1
"830",700,"Afghanistan",1980,826,1,1,1980,2,0,1
"831",700,"Afghanistan",1987,828,1,1,1987,3,0,1
"832",700,"Afghanistan",1990,829,1,1,1990,3,0,1
"833",700,"Afghanistan",2001,830,1,1,2001,2,0,1
"834",700,"Afghanistan",2004,831,1,1,2004,3,0,1
"835",701,"Turkmenistan",1992,832,1,1,1992,3,0,0
"836",701,"Turkmenistan",2008,990,1,1,2008,3,0,0
"837",702,"Tajikistan",1994,833,1,1,1994,3,1,0
"838",703,"Kyrgyz Republic",1993,834,1,1,1993,3,1,0
"839",703,"Kyrgyz Republic",2006,835,1,1,2006,3,0,0
"840",703,"Kyrgyz Republic",2007,959,1,1,2007,3,0,1
"841",703,"Kyrgyz Republic",2010,993,1,1,2010,3,0,1
"842",703,"Kyrgyz Republic",2021,1183,1,1,2021,3,0,0
"843",704,"Uzbekistan",1992,836,1,1,1992,3,1,0
"844",705,"Kazakhstan",1993,837,1,1,1993,2,1,0
"845",705,"Kazakhstan",1995,838,1,1,1995,3,0,1
"846",710,"China",1911,1016,1,1,1911,3,1,0
"847",710,"China",1912,839,1,1,1912,2,0,1
"848",710,"China",1914,840,1,1,1914,3,0,1
"849",710,"China",1916,841,1,1,1916,5,0,0
"850",710,"China",1923,842,1,1,1923,3,0,1
"851",710,"China",1928,843,1,1,1928,3,0,0
"852",710,"China",1947,844,1,1,1947,3,0,0
"853",710,"China",1949,845,1,1,1949,3,0,1
"854",710,"China",1954,846,1,1,1954,3,0,1
"855",710,"China",1975,847,1,1,1975,3,0,1
"856",710,"China",1978,848,1,1,1978,3,0,1
"857",710,"China",1982,849,1,1,1982,3,0,1
"858",712,"Mongolia",1924,851,1,1,1924,3,1,0
"859",712,"Mongolia",1940,852,1,1,1940,3,0,1
"860",712,"Mongolia",1960,853,1,1,1960,3,0,1
"861",712,"Mongolia",1990,854,1,1,1990,2,0,0
"862",712,"Mongolia",1992,855,1,1,1992,3,0,1
"863",713,"Taiwan",1947,856,1,1,1947,3,1,0
"864",731,"North Korea",1948,857,1,1,1948,3,1,0
"865",731,"North Korea",1972,858,1,1,1972,3,0,1
"866",732,"South Korea",1948,859,1,1,1948,3,0,0
"867",740,"Japan",1889,860,1,1,1889,3,1,0
"868",740,"Japan",1946,861,1,1,1946,3,0,1
"869",750,"India",1949,862,1,1,1949,3,0,0
"870",760,"Bhutan",1953,863,1,1,1953,3,1,0
"871",760,"Bhutan",2005,864,1,1,2005,2,0,1
"872",760,"Bhutan",2008,988,1,1,2008,3,0,1
"873",770,"Pakistan",1956,865,1,1,1956,3,0,0
"874",770,"Pakistan",1962,866,1,1,1962,3,1,0
"875",770,"Pakistan",1969,867,1,1,1969,2,0,0
"876",770,"Pakistan",1973,868,1,1,1973,3,0,0
"877",770,"Pakistan",1985,869,1,1,1985,5,0,0
"878",770,"Pakistan",2002,974,1,1,2002,5,0,1
"879",771,"Bangladesh",1972,870,1,1,1972,3,1,0
"880",771,"Bangladesh",1986,871,1,1,1986,5,0,1
"881",775,"Myanmar",1947,872,1,1,1947,3,1,0
"882",775,"Myanmar",1962,873,1,1,1962,3,0,1
"883",775,"Myanmar",1974,874,1,1,1974,3,0,1
"884",775,"Myanmar",2008,982,1,1,2008,3,0,1
"885",780,"Sri Lanka",1946,879,1,1,1946,3,0,0
"886",780,"Sri Lanka",1972,880,1,1,1972,3,1,0
"887",780,"Sri Lanka",1978,881,1,1,1978,3,0,1
"888",781,"Maldives",1968,882,1,1,1968,3,0,0
"889",781,"Maldives",1998,883,1,1,1998,3,1,0
"890",781,"Maldives",2008,980,1,1,2008,3,0,1
"891",790,"Nepal",1948,884,1,1,1948,3,1,0
"892",790,"Nepal",1951,885,1,1,1951,2,0,0
"893",790,"Nepal",1959,886,1,1,1959,3,0,1
"894",790,"Nepal",1962,887,1,1,1962,3,0,1
"895",790,"Nepal",1990,888,1,1,1990,3,0,1
"896",790,"Nepal",2006,889,1,1,2006,2,0,1
"897",790,"Nepal",2015,1144,1,1,2015,3,0,1
"898",800,"Thailand",1932,890,1,1,1932,3,0,0
"899",800,"Thailand",1946,891,1,1,1946,3,0,0
"900",800,"Thailand",1947,892,1,1,1947,3,0,0
"901",800,"Thailand",1949,893,1,1,1949,3,1,0
"902",800,"Thailand",1952,894,1,1,1952,5,0,0
"903",800,"Thailand",1959,895,1,1,1959,2,0,1
"904",800,"Thailand",1960,896,1,1,1960,2,0,0
"905",800,"Thailand",1968,897,1,1,1968,3,0,1
"906",800,"Thailand",1972,898,1,1,1972,2,0,0
"907",800,"Thailand",1974,899,1,1,1974,3,0,1
"908",800,"Thailand",1976,900,1,1,1976,3,0,0
"909",800,"Thailand",1977,901,1,1,1977,2,0,0
"910",800,"Thailand",1978,902,1,1,1978,3,0,0
"911",800,"Thailand",1983,903,1,1,1983,5,0,0
"912",800,"Thailand",1991,904,1,1,1991,2,0,0
"913",800,"Thailand",1997,905,1,1,1997,3,0,1
"914",800,"Thailand",2006,906,1,1,2006,2,0,1
"915",800,"Thailand",2007,907,1,1,2007,3,0,1
"916",800,"Thailand",2014,1031,1,1,2014,2,0,0
"917",800,"Thailand",2017,1155,1,1,2017,3,0,1
"918",811,"Cambodia",1947,908,1,1,1947,3,1,0
"919",811,"Cambodia",1972,909,1,1,1972,3,0,1
"920",811,"Cambodia",1976,910,1,1,1976,3,0,1
"921",811,"Cambodia",1981,911,1,1,1981,3,0,1
"922",811,"Cambodia",1989,912,1,1,1989,3,0,1
"923",811,"Cambodia",1993,913,1,1,1993,3,0,0
"924",812,"Laos",1947,914,1,1,1947,3,1,0
"925",812,"Laos",1991,915,1,1,1991,3,0,1
"926",816,"Vietnam",1960,917,1,1,1960,3,1,0
"927",816,"Vietnam",1980,918,1,1,1980,3,0,1
"928",816,"Vietnam",1992,919,1,1,1992,3,0,1
"929",817,"Republic of Vietnam",1956,920,1,1,1956,3,1,0
"930",817,"Republic of Vietnam",1964,921,1,1,1964,2,0,0
"931",817,"Republic of Vietnam",1965,922,1,1,1965,2,0,0
"932",817,"Republic of Vietnam",1967,923,1,1,1967,3,0,0
"933",820,"Malaysia",1957,924,1,1,1957,3,0,0
"934",830,"Singapore",1963,925,1,1,1963,3,0,0
"935",835,"Brunei",1959,926,1,1,1959,3,0,0
"936",840,"Philippines",1945,930,1,1,1945,5,1,0
"937",840,"Philippines",1973,931,1,1,1973,3,0,1
"938",840,"Philippines",1986,1015,1,1,1986,2,0,0
"939",840,"Philippines",1987,932,1,1,1987,3,0,1
"940",850,"Indonesia",1945,933,1,1,1945,3,1,0
"941",850,"Indonesia",1949,934,1,1,1949,3,0,0
"942",850,"Indonesia",1950,935,1,1,1950,2,0,1
"943",850,"Indonesia",1955,936,1,1,1955,3,0,0
"944",850,"Indonesia",1959,937,1,1,1959,5,0,1
"945",860,"Timor",2002,938,1,1,2002,3,1,0
"946",900,"Australia",1901,939,1,1,1901,3,1,0
"947",910,"Papua New Guinea",1975,940,1,1,1975,3,1,0
"948",920,"New Zealand",1852,941,1,1,1852,3,0,0
"949",935,"Vanuatu",1980,943,1,1,1980,3,1,0
"950",940,"Solomon Islands",1978,944,1,1,1978,3,1,0
"951",946,"Kiribati",1979,948,1,1,1979,3,1,0
"952",947,"Tuvalu",1978,951,1,1,1978,3,0,0
"953",947,"Tuvalu",1986,952,1,1,1986,3,1,0
"954",950,"Fiji",1970,945,1,1,1970,3,1,0
"955",950,"Fiji",1990,946,1,1,1990,3,0,1
"956",950,"Fiji",1997,947,1,1,1997,3,0,1
"957",950,"Fiji",2013,1013,1,1,2013,3,0,1
"958",955,"Tonga",1875,950,1,1,1875,3,0,0
"959",970,"Nauru",1968,949,1,1,1968,3,1,0
"960",983,"Marshall Islands",1979,953,1,1,1979,3,1,0
"961",986,"Palau",1981,954,1,1,1981,3,0,0
"962",987,"Micronesia",1978,955,1,1,1978,3,0,0
"963",990,"Samoa",1962,956,1,1,1962,3,1,0
